CellId	Radius	Length	Curvature	Torsion	Tortuosity	StartPointPosition_R	StartPointPosition_A	StartPointPosition_S	EndPointPosition_R	EndPointPosition_A	EndPointPosition_S
0	6.04878	63.1217	0.0613543	0.168376	0.118067	6.26838	178.461	-58.667	11.8805	158.737	-111.267
1	7.856	7.90034	0	0	0.0045978	11.8805	158.737	-111.267	11.7063	157.823	-119.076
2	7.9685	44.0615	0.0105528	0.0329643	0.00975522	11.7063	157.823	-119.076	11.5804	154.924	-162.615
3	7.12231	28.5883	0.0391625	0.0926385	0.043063	11.5804	154.924	-162.615	26.6558	158.581	-185.211
4	5.45711	25.5814	0.0230862	0.193913	0.0127368	26.6558	158.581	-185.211	38.7286	159.987	-207.354
5	4.46555	5.05708	0.0122902	0	0.00447453	38.7286	159.987	-207.354	42.0155	158.57	-210.894
6	4.11665	1.87218	0	0	0	42.0155	158.57	-210.894	42.9236	157.936	-212.404
7	3.68606	4.12678	0.0572121	0	0.0116199	42.9236	157.936	-212.404	44.5273	157.111	-216.063
8	3.14258	12.9209	0.10402	0.255117	0.0223768	44.5273	157.111	-216.063	50.3602	154.574	-226.983
9	2.85128	2.92988	0.0813592	0	0.00639963	50.3602	154.574	-226.983	50.7391	153.439	-229.637
10	2.44564	6.53222	0.0878274	0	0.0238761	50.7391	153.439	-229.637	52.7882	150.301	-234.801
11	2.66673	2.57226	0	0	0.00797855	52.7882	150.301	-234.801	52.9246	148.921	-236.943
12	2.65504	14.1496	0.0711387	0.211514	0.0119791	52.9246	148.921	-236.943	54.9399	142.484	-249.19
13	2.68295	2.65488	0	0	0.00805408	54.9399	142.484	-249.19	55.3513	141.56	-251.622
14	2.69386	1.22927	0	0	0	55.3513	141.56	-251.622	55.4836	141.336	-252.824
15	2.44529	2.72683	0.165048	0	0.0179855	55.4836	141.336	-252.824	54.5713	140.903	-255.305
16	2.03913	16.3685	0.0715935	-0.171025	0.0205319	54.5713	140.903	-255.305	50.4763	136.004	-270.018
17	2.00198	2.10231	0.0368387	0	0.000618335	50.4763	136.004	-270.018	50.2946	135.308	-271.992
18	1.67793	19.4702	0.111477	-0.0345691	0.014497	50.2946	135.308	-271.992	53.9033	127.679	-289.229
19	1.47802	1.62975	8.17917e-06	0	-9.99201e-16	53.9034	127.679	-289.229	53.6431	127.634	-290.837
20	1.32599	9.01577	0.270768	-0.313024	0.0492172	53.6431	127.634	-290.837	52.6855	126.305	-299.273
21	1.23768	1.33471	2.5294e-05	0	2.66454e-15	52.6853	126.305	-299.273	52.6101	125.977	-300.565
22	0.989709	10.4947	0.214135	-0.13283	0.0365183	52.6101	125.977	-300.565	49.9669	123.735	-310.078
23	6.04878	63.1217	0.0613543	0.168376	0.118067	6.26838	178.461	-58.667	11.8805	158.737	-111.267
24	7.856	7.90034	0	0	0.0045978	11.8805	158.737	-111.267	11.7063	157.823	-119.076
25	7.9685	44.0615	0.0105528	0.0329643	0.00975522	11.7063	157.823	-119.076	11.5804	154.924	-162.615
26	7.12231	28.5883	0.0391625	0.0926385	0.043063	11.5804	154.924	-162.615	26.6558	158.581	-185.211
27	5.45711	25.5814	0.0230862	0.193913	0.0127368	26.6558	158.581	-185.211	38.7286	159.987	-207.354
28	4.46555	5.05708	0.0122902	0	0.00447453	38.7286	159.987	-207.354	42.0155	158.57	-210.894
29	4.11665	1.87218	0	0	0	42.0155	158.57	-210.894	42.9236	157.936	-212.404
30	3.68606	4.12678	0.0572121	0	0.0116199	42.9236	157.936	-212.404	44.5273	157.111	-216.063
31	3.14258	12.9209	0.10402	0.255117	0.0223768	44.5273	157.111	-216.063	50.3602	154.574	-226.983
32	2.85128	2.92988	0.0813592	0	0.00639963	50.3602	154.574	-226.983	50.7391	153.439	-229.637
33	2.44564	6.53222	0.0878274	0	0.0238761	50.7391	153.439	-229.637	52.7882	150.301	-234.801
34	2.66673	2.57226	0	0	0.00797855	52.7882	150.301	-234.801	52.9246	148.921	-236.943
35	2.65727	14.3148	0.0633876	0.24955	0.0124754	52.9246	148.921	-236.943	55.1541	142.162	-249.159
36	2.7214	2.74074	0	0	0.024825	55.1541	142.162	-249.159	55.6781	141.294	-251.634
37	2.72785	0.918724	0	0	2.53131e-14	55.6781	141.294	-251.634	56.073	140.946	-252.387
38	2.73788	2.73369	0	0	0.0105168	56.073	140.946	-252.387	57.5962	139.9	-254.363
39	2.21157	13.7776	0.0621234	0.106421	0.0222911	57.5962	139.9	-254.363	65.0318	133.625	-263.688
40	1.91269	2.21776	0.0239593	0	0.0002179	65.0318	133.625	-263.688	65.4243	131.602	-264.507
41	1.45043	23.6519	0.115836	-0.242255	0.0284187	65.4243	131.602	-264.507	71.6268	115.204	-279.392
42	6.04878	63.1217	0.0613543	0.168376	0.118067	6.26838	178.461	-58.667	11.8805	158.737	-111.267
43	7.856	7.90034	0	0	0.0045978	11.8805	158.737	-111.267	11.7063	157.823	-119.076
44	7.96949	42.7698	0.0118035	0.0213868	0.00996706	11.7063	157.823	-119.076	11.554	154.868	-161.32
45	7.48395	13.5516	0.0587913	0	0.0322302	11.554	154.868	-161.32	6.13062	154.353	-173.265
46	5.98966	15.4828	0.0228354	0	0.00847365	6.13062	154.353	-173.265	-4.07428	157.031	-184.418
47	5.81537	5.88185	0.00476248	0	0.00253506	-4.07428	157.031	-184.418	-8.69243	157.684	-187.977
48	5.49182	12.182	0.0298484	0	0.00725792	-8.69243	157.684	-187.977	-18.9845	159.68	-194.007
49	5.28702	5.30156	0.0346413	0	0.00561623	-18.9845	159.68	-194.007	-23.7135	160.406	-196.221
50	5.08102	6.45938	0.0600053	0	0.00710074	-23.7135	160.406	-196.221	-29.6851	161.256	-198.402
51	4.57213	5.6947	0.131781	0	0.0244486	-29.6851	161.256	-198.402	-34.2303	160.235	-201.435
52	4.40271	5.22234	0.0553152	0	0.00395186	-34.2303	160.235	-201.435	-37.3156	158.196	-205.093
53	4.38413	4.50772	0.051648	0	0.00978689	-37.3156	158.196	-205.093	-39.3592	157.306	-208.961
54	3.73968	18.119	0.0246468	-0.237528	0.00934574	-39.3592	157.306	-208.961	-48.8458	154.191	-223.879
55	3.34934	5.38294	0.112037	0	0.025165	-48.8458	154.191	-223.879	-51.5877	153.237	-228.254
56	2.35138	19.7099	0.0813054	0.0732239	0.0150806	-51.5877	153.237	-228.254	-60.6884	149.884	-245.075
57	2.12315	2.3915	0.0626618	0	0.00188133	-60.6884	149.884	-245.075	-61.7877	148.74	-246.859
58	1.74522	18.5524	0.0993408	0.292679	0.0186062	-61.7877	148.74	-246.859	-73.4113	143.904	-260.021
59	1.52599	1.64712	4.59067e-05	0	-2.22045e-16	-73.4113	143.904	-260.021	-74.9469	143.924	-260.616
60	1.13383	35.776	0.147316	0.0307212	0.0188733	-74.9469	143.924	-260.616	-105.12	144.517	-278.566
61	6.04878	63.1217	0.0613543	0.168376	0.118067	6.26838	178.461	-58.667	11.8805	158.737	-111.267
62	7.856	7.90034	0	0	0.0045978	11.8805	158.737	-111.267	11.7063	157.823	-119.076
63	7.9685	44.0615	0.0105528	0.0329643	0.00975522	11.7063	157.823	-119.076	11.5804	154.924	-162.615
64	7.12231	28.5883	0.0391625	0.0926385	0.043063	11.5804	154.924	-162.615	26.6558	158.581	-185.211
65	5.45711	25.5814	0.0230862	0.193913	0.0127368	26.6558	158.581	-185.211	38.7286	159.987	-207.354
66	4.46555	5.05708	0.0122902	0	0.00447453	38.7286	159.987	-207.354	42.0155	158.57	-210.894
67	4.11665	1.87218	0	0	0	42.0155	158.57	-210.894	42.9236	157.936	-212.404
68	3.68606	4.12678	0.0572121	0	0.0116199	42.9236	157.936	-212.404	44.5273	157.111	-216.063
69	3.14258	12.9209	0.10402	0.255117	0.0223768	44.5273	157.111	-216.063	50.3602	154.574	-226.983
70	2.85128	2.92988	0.0813592	0	0.00639963	50.3602	154.574	-226.983	50.7391	153.439	-229.637
71	2.44564	6.53222	0.0878274	0	0.0238761	50.7391	153.439	-229.637	52.7882	150.301	-234.801
72	2.66673	2.90711	0	0	1.18968	4.31109	159.681	-180.057	4.18733	159.35	-181.337
73	2.69914	11.3392	114.136	0.0934482	10.3696	4.18733	159.35	-181.337	4.58282	159.45	-180.427
74	2.51123	20.8086	6.97735	-6288.67	1.16755	4.58282	159.45	-180.427	3.97935	158.155	-170.934
75	2.04258	9.52713	0.0770086	-20731.4	0.131307	3.97935	158.155	-170.934	4.5314	157.772	-179.328
76	1.53938	12.0209	0.0985928	-51.7524	0.0484142	4.5314	157.772	-179.328	1.61298	157.93	-168.241
77	4.16382	11.77	0.0838181	0	0.0584399	1.61298	157.93	-168.241	2.17946	157.693	-157.138
78	7.90412	28.7059	2.86495	0	5.38378	2.17946	157.693	-157.138	6.52453	157.3	-156.049
79	6.58809	7.79539	0	0	6.94529	6.52453	157.3	-156.049	6.21009	157.96	-156.703
80	5.63666	32.6459	0.0384539	-395.585	0.107701	6.21009	157.96	-156.703	-3.03682	156.463	-184.647
81	5.07277	20.3173	0.0335172	-0.0695094	0.0198715	-3.03682	156.463	-184.647	-18.8349	156.828	-196.777
82	4.46202	29.9593	0.273899	3067.19	0.36861	-18.8349	156.828	-196.777	-38.245	157.791	-206.852
83	3.75908	18.6149	0.0442651	-0.175282	0.014649	-38.245	157.791	-206.852	-47.431	154.217	-222.325
84	3.8873	23.2121	0.239785	-2133.13	0.720745	6.21009	157.96	-156.703	11.6069	156.945	-169.024
85	2.50918	37.8428	0.0550164	299.822	0.139835	11.6069	156.945	-169.024	32.0429	159.209	-195.091
86	4.50957	25.6887	8.93506	-2484	1.08165	4.58282	159.45	-180.427	8.19387	159.833	-168.632
87	7.90412	12.3697	0	0	4.19593	8.19387	159.833	-168.632	7.95543	159.352	-170.952
88	6.58809	7.99033	0	0	0.769375	7.95543	159.352	-170.952	4.37504	160.588	-173.411
89	5.66316	11.9914	0.41575	0	0.610163	4.37504	160.588	-173.411	1.94952	158.928	-166.568
90	5.17115	7.44096	0.50206	0	0.471372	1.94952	158.928	-166.568	-2.78534	158.6	-164.822
91	4.46202	39.1482	0.223417	4491.93	0.912379	-2.78534	158.6	-164.822	0.815792	157.328	-184.934
92	3.75908	25.4013	0.0927	-0.364618	0.168414	0.815792	157.328	-184.934	-17.5577	156.154	-196.495
93	2.85263	61.8031	0.0323669	-838.762	0.0941519	-17.5577	156.154	-196.495	-46.9175	143.329	-243.014
94	4.10438	9.47717	0.181902	0	0.341969	-2.78534	158.6	-164.822	-0.700864	158.08	-158.095
95	3.0304	18.3367	0.0344621	-496.297	0.109631	-0.700864	158.08	-158.095	0.325053	156.938	-174.548
96	2.6801	73.5891	0.0415757	2344.01	0.0585526	0.325053	156.938	-174.548	-43.4629	143.453	-226.832
97	1.51914	70.1898	0.0887805	-648.744	0.0493398	-43.4629	143.453	-226.832	-52.4808	133.71	-292.391
98	3.82971	63.5237	0.0798408	7665.91	2.66663	6.52453	157.3	-156.049	16.58	156.137	-170.109
99	2.95191	96.4093	0.00758644	237.978	0.00641617	-0.700864	158.08	-158.095	52.9246	148.921	-236.943
100	4.32974	23.6465	0.0187182	-11719.8	0.392844	0.325053	156.938	-174.548	-11.3104	156.819	-186.911
101	4.38671	36.2689	0.0164246	-4440.1	0.0164541	-11.3104	156.819	-186.911	-39.3592	157.306	-208.961
102	4.2284	55.6569	0.00747621	-17.1968	0.00584486	0.325053	156.938	-174.548	42.0155	158.57	-210.894
103	4.11665	1.87218	0	0	0	42.0155	158.57	-210.894	42.9236	157.936	-212.404
104	5.00389	57.2806	0.0504162	-3803.93	0.592862	0.815792	157.328	-184.934	-31.7529	160.791	-199.782
105	4.46174	8.2523	0.0511797	0	0.0166264	-31.7529	160.791	-199.782	-37.3156	158.196	-205.093
106	4.46712	30.0242	0.0654663	0.891464	0.144596	-3.03682	156.463	-184.647	-21.2994	157.741	-203.433
107	3.47523	39.4348	0.0180238	194.65	0.00729071	-21.2994	157.741	-203.433	-53.4038	155.313	-225.706
108	4.68382	29.6087	0.0159274	4908.89	0.0261955	-2.78534	158.6	-164.822	-16.3568	159.082	-190.279
109	4.3706	41.5029	0.0167101	1230.81	0.0419273	-16.3568	159.082	-190.279	-3.66603	159.402	-152.524
110	3.40267	11.2839	0.319853	0	1.89993	-3.66603	159.402	-152.524	-1.66395	158.206	-155.638
111	2.55523	41.7859	0.0214776	645.166	0.0784173	-1.66395	158.206	-155.638	-14.2376	156.946	-192.267
112	2.00019	71.5904	0.00691002	-467.812	0.020141	-14.2376	156.946	-192.267	-72.7705	148.513	-230.051
113	1.55819	8.18374	0.0592805	7101.05	0.0132238	-72.7705	148.513	-230.051	-77.4417	142.427	-227.524
114	3.56364	84.0726	0.0244581	-2112.07	0.31778	2.17946	157.693	-157.138	24.1664	151.218	-216.677
115	2.12311	39.1597	0.0374245	-956.073	0.0308929	24.1664	151.218	-216.677	57.0124	132.138	-216.833
116	1.76952	4.58081	0.0695952	0	0.00618437	-62.439	156.782	-233.46	-65.318	158.996	-236.206
117	3.89179	14.7486	0.0641999	-0.581346	0.0380562	-16.3568	159.082	-190.279	-27.5269	159.639	-199.042
118	2.66138	47.0108	0.026613	1244.29	0.0112293	-27.5269	159.639	-199.042	-61.2294	155.594	-230.806
119	3.88317	13.7756	0.0379336	0	0.699036	-27.5269	159.639	-199.042	-34.2417	160.181	-203.554
120	2.50312	10.9673	8.19608	0	13.0669	-34.2417	160.181	-203.554	-33.4979	160.382	-203.433
121	5.27524	21.3545	0.0124194	1826.02	0.126652	4.5314	157.772	-179.328	3.45091	160.279	-198.084
122	5.66316	31.8172	0.0212219	5598.33	0.0475338	3.45091	160.279	-198.084	-25.9758	164.561	-204.271
123	5.07277	13.4561	0.0422974	0	0.91167	-25.9758	164.561	-204.271	-32.3743	163.019	-206.766
124	4.48606	45.8702	0.0251162	3033.6	0.0795756	-32.3743	163.019	-206.766	-63.8673	157.879	-234.822
125	4.17692	61.4541	0.00695718	1868.28	0.00801332	-1.66395	158.206	-155.638	-37.3156	158.196	-205.093
126	5.36281	24.8212	1.00439	0	4.09956	-17.5577	156.154	-196.495	-19.2418	159.965	-193.979
127	3.29751	58.0233	0.0429625	790.384	0.104712	-34.2417	160.181	-203.554	-68.0885	200.02	-198.46
128	1.45805	15.8565	0.166602	0.175733	0.0232656	-68.0885	200.02	-198.46	-74.0166	213.495	-193.62
129	5.28109	25.7058	0.0600888	-67945.2	0.32018	4.37504	160.588	-173.411	2.84734	160.018	-154.008
130	4.36731	18.9723	0.722235	0.070857	1.04441	2.84734	160.018	-154.008	4.25097	157.636	-162.867
131	3.50118	11.1562	0.328022	0	0.62007	4.25097	157.636	-162.867	-0.893621	157.701	-158.29
132	2.51003	28.5513	0.177767	-4448.63	1.23761	-0.893621	157.701	-158.29	8.20413	157.052	-167.213
133	1.81654	39.0933	0.127808	1658.33	0.205001	8.20413	157.052	-167.213	25.1022	157.494	-194.903
134	1.18815	93.0238	0.024899	-71.3074	0.00990373	25.1022	157.494	-194.903	-61.9578	128.199	-201.751
135	2.7431	66.4524	0.0344423	145.82	0.0621443	4.25097	157.636	-162.867	-43.5049	143.004	-200.544
136	2.3111	36.0124	0.0622295	-2023.31	0.467867	1.94952	158.928	-166.568	15.0418	157.375	-187.258
137	3.88073	56.9212	0.0378137	-11912.4	0.341568	15.0418	157.375	-187.258	7.21194	159.8	-145.629
138	7.9901	118.144	0.0292238	9369.96	0.336009	7.21194	159.8	-145.629	55.367	183.667	-215.853
139	2.88106	42.515	1.21567	-140.698	6.86696	2.84734	160.018	-154.008	7.31288	158.261	-156.494
140	1.7307	32.7905	0.286898	-5890.42	0.507009	7.31288	158.261	-156.494	13.962	157.569	-135.787
141	1.41646	38.0605	0.00724523	77.5269	0.00224585	13.962	157.569	-135.787	9.20153	155.877	-173.425
142	3.87558	79.2918	0.194497	4221.86	0.359315	9.20153	155.877	-173.425	11.7928	158.277	-115.2
143	7.96624	47.9649	0.0115073	0.126275	0.00906337	11.7928	158.277	-115.2	11.5804	154.924	-162.615
144	2.30851	11.0806	0.135417	0.614344	0.0236721	55.367	183.667	-215.853	60.5436	192.786	-218.541
145	5.62731	60.3506	0.0124875	890.347	0.0182977	7.21194	159.8	-145.629	-23.9584	160.831	-196.026
146	5.06709	5.27894	0.0372973	0	0.00557706	-23.9584	160.831	-196.026	-28.9433	162.196	-196.945
147	2.73906	37.7687	1.61977	-643.253	1.53807	4.58282	159.45	-180.427	7.39816	159.958	-165.823
148	2.16855	66.8794	0.154924	-267.646	3.5456	7.39816	159.958	-165.823	10.2635	158.667	-151.45
149	4.35953	136.333	0.0536302	-1480.09	2.75737	10.2635	158.667	-151.45	11.7928	158.277	-115.2
150	7.9671	46.6733	0.0115717	0.127278	0.00922416	11.7928	158.277	-115.2	11.554	154.868	-161.32
151	1.53453	56.3486	0.0254789	478.107	0.187311	4.25097	157.636	-162.867	14.7922	159.593	-116.634
152	7.14276	37.943	0.0107544	69.4795	0.0134038	14.7922	159.593	-116.634	15.6917	155.873	-153.879
153	7.44312	35.9427	0.0194796	-0.101315	0.012577	15.6917	155.873	-153.879	15.4117	156.963	-189.358
154	5.89788	25.9844	0.0443986	-12564.1	0.07576	15.4117	156.963	-189.358	-8.69243	157.684	-187.977
155	6.47917	40.4823	8.06033	436.273	2.69007	3.97935	158.155	-170.934	8.06957	157.854	-160.758
156	6.58809	16.2309	0.0265153	0	0.0108068	8.06957	157.854	-160.758	7.00268	159.182	-176.725
157	5.64831	14.2224	0.085523	0	0.669211	7.00268	159.182	-176.725	1.74505	159.895	-183.392
158	5.05322	42.0639	0.0196639	207.244	0.0353109	1.74505	159.895	-183.392	-36.175	166.027	-196.629
159	3.72397	7.25267	0.11975	0	0.0339248	-36.175	166.027	-196.629	-42.2388	169.419	-195.663
160	7.09251	39.3395	0.0177699	36.0604	0.0238827	13.962	157.569	-135.787	6.13062	154.353	-173.265
161	2.71347	5.59288	0.0382531	0	0.00930399	47.1143	162.739	-175.598	51.1542	166.461	-176.328
162	2.34817	8.32411	0.204126	0	0.587411	7.31288	158.261	-156.494	2.55993	160.203	-155.427
163	1.8256	21.741	2.56539	-13957	0.969958	2.55993	160.203	-155.427	10.3602	159.183	-147.686
164	7.14825	44.3542	0.10916	-928.701	0.546824	10.3602	159.183	-147.686	11.7063	157.823	-119.076
165	2.58153	76.6122	0.0359346	657.882	0.169842	14.7922	159.593	-116.634	51.4258	148.57	-169.788
166	4.17488	15.3926	0.879056	0	3.34407	10.2635	158.667	-151.45	11.0368	158.483	-154.903
167	2.29975	43.3507	0.0418633	1075.33	0.105763	11.0368	158.483	-154.903	-8.44904	160.305	-188.873
168	6.02229	169.401	0.0344443	-545.22	2.24696	4.25097	157.636	-162.867	11.8805	158.737	-111.267
169	2.93009	23.2884	0.232139	7139.99	0.913508	7.39816	159.958	-165.823	19.5228	159.472	-166.761
170	2.76211	46.6718	0.985745	-678.764	1.0217	19.5228	159.472	-166.761	22.798	159.804	-189.611
171	2.52992	49.2692	0.0291584	848.765	0.0332278	22.798	159.804	-189.611	54.6624	185.404	-214.17
172	4.68577	29.9413	0.00921208	-1124.88	0.00699015	22.798	159.804	-189.611	29.9232	161.974	-218.396
173	3.53977	149.259	0.421237	-263.275	0.267368	29.9232	161.974	-218.396	10.91	162.148	-102.171
174	4.39438	59.4523	0.0546589	-1144.95	0.42534	19.5228	159.472	-166.761	10.1112	157.522	-126.173
175	7.90412	153.755	0.00351534	935.554	0.0487195	10.1112	157.522	-126.173	57.0367	115.475	-258.556
176	7.48395	13.5516	0.0587913	0	0.0322302	11.554	154.868	-161.32	6.13062	154.353	-173.265
177	3.19832	39.8074	0.0249931	3979.06	0.0410431	7.39816	159.958	-165.823	3.51479	165.438	-203.467
178	3.15188	60.3708	0.0186706	-687.441	0.0429424	3.51479	165.438	-203.467	-53.0714	177.379	-200.995
179	2.17155	16.8038	0.0995729	0.0791056	0.0286113	-54.6609	178.557	-203.193	-63.7128	187.388	-213.535
180	6.03683	212.899	0.0299815	-275.623	1.11668	-25.9758	164.561	-204.271	11.8805	158.737	-111.267
181	3.1995	23.7122	0.0414612	88.1987	0.0788617	1.74505	159.895	-183.392	13.1563	162.273	-202.025
182	1.88967	115.199	0.734365	-77.9708	0.342124	13.1563	162.273	-202.025	-66.338	190.058	-218.639
183	1.78417	4.56192	0.135341	0	0.0229159	-66.338	190.058	-218.639	-68.8277	192.649	-221.281
184	1.85993	2.16539	0.15097	0	0.0100817	-68.8277	192.649	-221.281	-70.2319	193.624	-222.574
185	3.64538	10.3588	0.109424	0	0.0550926	-36.175	166.027	-196.629	-44.059	170.826	-193.281
186	4.6807	62.1486	0.0143349	-1701.09	0.0331227	2.55993	160.203	-155.427	-38.8582	168.162	-198.321
187	3.72397	4.6468	0.0869492	0	0.0370904	-38.8582	168.162	-198.321	-42.2388	169.419	-195.663
188	4.50294	34.6323	0.062874	964.255	0.144233	10.3602	159.183	-147.686	13.6976	157.825	-177.738
189	1.34748	85.1346	0.0688508	58.9135	0.0770305	13.6976	157.825	-177.738	92.5501	154.049	-181.767
190	6.04878	63.1217	0.0613543	0.168376	0.118067	6.26838	178.461	-58.667	11.8805	158.737	-111.267
191	1.61313	75.3079	0.0685351	-76.8828	0.171334	15.6917	155.873	-153.879	75.5193	132.415	-151.895
192	11.0136	35.1053	0.362286	0	2.00344	-31.4091	142.313	-133.751	-29.7569	150.511	-125.585
193	4.8754	36.1381	0.0161693	-2350.67	0.00657856	15.4117	156.963	-189.358	42.9236	157.936	-212.404
194	4.86059	50.4358	0.0171904	674.186	0.0297367	-0.893621	157.701	-158.29	-28.8559	160.792	-198.384
195	4.46174	11.4277	0.0567837	0	0.0290361	-28.8559	160.792	-198.384	-37.3156	158.196	-205.093
196	3.68238	147.011	0.00757677	706.633	0.00578411	10.1112	157.522	-126.173	-73.0864	166.571	-246.008
197	3.09551	46.9692	0.0412211	-751.589	0.0688692	3.51479	165.438	-203.467	45.912	169.416	-214.313
198	2.85161	7.71388	0.0304423	0	0.00333901	45.912	169.416	-214.313	51.6314	174.426	-215.449
199	3.03627	3.24926	0.171375	0	0.0195155	44.8477	168.51	-214.063	47.2366	170.543	-214.624
200	7.43622	34.5149	0.480001	82079.7	1.30404	11.0368	158.483	-154.903	11.6306	156.353	-140.087
201	7.51313	34.8371	0.0244105	-0.365368	0.0340338	11.6306	156.353	-140.087	6.13062	154.353	-173.265
202	5.98966	15.4828	0.0228354	0	0.00847365	6.13062	154.353	-173.265	-4.07428	157.031	-184.418
203	5.98781	224.459	0.0274848	214.631	1.10978	24.1664	151.218	-216.677	11.8805	158.737	-111.267
204	5.2545	5.23668	0	0	0.00436761	-19.2418	159.965	-193.979	-23.9584	160.831	-196.026
205	1.61774	103.464	0.0287259	646.75	0.0452433	7.00268	159.182	-176.725	-74.0115	213.488	-193.625
206	2.22608	47.4977	0.0220563	-375.428	0.0422115	13.1563	162.273	-202.025	14.079	165.343	-156.564
207	1.66759	82.9978	0.2951	504.818	0.974935	14.079	165.343	-156.564	11.7928	158.277	-115.2
208	2.30814	36.5388	0.0610512	-1619.7	0.0418386	-38.8582	168.162	-198.321	-63.738	187.366	-213.884
209	5.2545	5.23668	0	0	0.00436761	-19.2418	159.965	-193.979	-23.9584	160.831	-196.026
210	5.61364	66.5835	0.323858	185.488	0.503331	13.6976	157.825	-177.738	54.543	174.755	-175.153
211	3.36695	8.93207	0.0463195	0	0.00948038	54.543	174.755	-175.153	57.16	183.158	-174.243
212	2.39912	5.58297	0.152126	0	0.027193	57.16	183.158	-174.243	58.1802	188.114	-172.258
213	3.60252	23.5468	0.0362495	284.618	0.0286268	25.1022	157.494	-194.903	41.0905	163.758	-210.041
214	4.16464	82.7349	0.132529	4906.62	0.487311	8.20413	157.052	-167.213	42.3716	157.501	-211.108
215	3.52142	5.18268	0.173435	0	0.0329921	42.3716	157.501	-211.108	44.518	153.795	-213.72
216	7.33723	17.6636	0.0226443	0	0.0111994	10.91	162.148	-102.171	11.7063	157.823	-119.076
217	3.64745	50.1449	0.00889761	-1336.26	0.00393605	4.58282	159.45	-180.427	42.9236	157.936	-212.404
218	1.86647	5.397	0.104216	0	0.0142934	64.5077	156.384	-239.702	66.7644	158.978	-243.762
219	6.72574	50.0864	1.3823	-3651.72	4.27091	14.079	165.343	-156.564	21.0318	162.039	-150.993
220	7.54053	67.3669	0.0703309	-50.085	0.378766	21.0318	162.039	-150.993	57.5253	185.375	-173.598
221	2.18258	114.581	0.0246056	313.999	0.00953576	-32.3743	163.019	-206.766	62.3631	225.518	-206.006
222	0.554138	0.645412	0.000197097	0	0	62.3631	225.518	-206.006	61.9002	225.838	-205.689
223	0.45799	0.0454609	0	0	0	61.9002	225.838	-205.689	61.8648	225.862	-205.673
224	6.04878	63.1217	0.0613543	0.168376	0.118067	6.26838	178.461	-58.667	11.8805	158.737	-111.267
225	7.856	7.90034	0	0	0.0045978	11.8805	158.737	-111.267	11.7063	157.823	-119.076
226	7.29669	54.296	0.0587287	27187.4	0.394626	-1.66395	158.206	-155.638	11.7063	157.823	-119.076
227	2.98187	42.0734	0.0628692	1498.33	0.1027	1.61298	157.93	-168.241	11.8773	175.207	-200.675
228	2.68295	72.9604	0.00855661	-551.891	0.0400599	11.8773	175.207	-200.675	-57.9596	181.812	-200.187
229	2.06991	20.4973	0.112435	0.145998	0.0315197	-57.9596	181.812	-200.187	-67.7313	199.063	-198.853
230	2.66211	48.475	0.034319	-4007.79	0.0632383	11.8773	175.207	-200.675	54.4966	182.946	-214.898
231	3.04501	5.26247	0.18893	0	0.0382159	57.5253	185.375	-173.598	58.5349	190.325	-173.178
232	3.00034	90.644	0.402379	367.965	0.556658	21.0318	162.039	-150.993	57.7921	199.01	-176.927
233	0.937396	5.73752	0.0885066	-727.45	0.0100733	57.7921	199.01	-176.927	54.5082	201.048	-181.09
234	5.30486	46.5382	0.0242171	802.351	0.0367027	9.20153	155.877	-173.425	38.5312	159.964	-207.163
235	2.26337	2.18634	0	0	0.00808238	56.123	190.228	-213.4	57.2016	192.106	-213.28
236	3.12628	27.7998	0.0471537	-2326.24	0.0651731	29.9232	161.974	-218.396	53.7646	162.889	-228.975
237	2.46579	10.5167	0.116277	-0.255437	0.0265605	53.7646	162.889	-228.975	55.5834	158.397	-238
238	2.03582	42.4445	0.0213057	787.616	0.0149643	55.5834	158.397	-238	55.1821	192.891	-214.361
239	2.60572	25.3556	0.0355681	-4358.36	0.0233431	55.5834	158.397	-238	57.5962	139.9	-254.363
240	4.60177	54.0263	2.59078	-376.399	0.306675	3.45091	160.279	-198.084	42.4613	158.258	-211.635
241	3.76403	5.07981	0.063489	0	0.0121712	42.4613	158.258	-211.635	44.5273	157.111	-216.063
242	3.16698	100.939	0.0973732	-568.617	0.423416	11.6069	156.945	-169.024	50.5374	154.043	-228.224
243	2.50384	8.08205	0.111543	-0.177844	0.0238332	50.5374	154.043	-228.224	52.7882	150.301	-234.801
244	5.44354	25.6373	2.273	0.0220031	5.44401	-18.8349	156.828	-196.777	-18.9845	159.68	-194.007
245	4.19217	19.0453	0.0244212	1599.01	0.0186134	32.0429	159.209	-195.091	42.0155	158.57	-210.894
246	4.19217	19.0453	0.0244212	1599.01	0.0186134	32.0429	159.209	-195.091	42.0155	158.57	-210.894
247	4.11665	1.87218	0	0	0	42.0155	158.57	-210.894	42.9236	157.936	-212.404
248	1.60078	54.5814	0.167124	754.999	0.632476	-43.4629	143.453	-226.832	-33.4354	115.885	-210.79
249	0.551602	0.177419	0	0	7.54952e-14	-60.6833	175.742	-214.481	-60.533	175.699	-214.564
250	5.61313	13.5381	3.51881	0	3.57951	-11.3104	156.819	-186.911	-8.69243	157.684	-187.977
251	5.48245	12.4323	0.0238247	0	0.00669833	-8.69243	157.684	-187.977	-19.2418	159.965	-193.979
252	2.46546	91.4589	0.0148913	64.9506	0.0110463	-21.2994	157.741	-203.433	52.7861	168.083	-152.567
253	1.91453	53.7168	0.0181411	-727.437	0.013579	15.0418	157.375	-187.258	55.1273	138.273	-216.188
254	2.08067	4.42255	0.0555224	0	0.0048069	55.1273	138.273	-216.188	57.0129	134.34	-216.781
255	2.8585	79.1522	0.0168954	-879.131	0.0328816	4.25097	157.636	-162.867	54.4966	182.946	-214.898
256	4.60695	6.64484	0.176559	0	0.0708148	-28.8559	160.792	-198.384	-34.2303	160.235	-201.435
257	4.40271	5.22234	0.0553152	0	0.00395186	-34.2303	160.235	-201.435	-37.3156	158.196	-205.093
258	6.07695	278.761	0.0271051	800.047	0.742097	57.0367	115.475	-258.556	11.8805	158.737	-111.267
259	2.8581	4.23946	0.0652114	0	0.00282081	-63.8673	157.879	-234.822	-66.5163	159.714	-237.558
260	7.83681	47.9649	0.0115073	0.126275	0.00906337	11.7928	158.277	-115.2	11.5804	154.924	-162.615
261	7.25032	27.4088	0.0704762	0.0688949	0.142257	11.5804	154.924	-162.615	29.1467	157.922	-178.684
262	5.35357	43.8998	0.0159667	-117.416	0.00910229	16.58	156.137	-170.109	38.7286	159.987	-207.354
