CellId	Length	Radius	Curvature	Torsion	Tortuosity	StartPointPosition_R	StartPointPosition_A	StartPointPosition_S	EndPointPosition_R	EndPointPosition_A	EndPointPosition_S
0	24.7395	8.08764	0.00964846	-0.0137072	0.00139658	11.8954	155.724	-172.256	32.7356	158.134	-185.303
1	54.6501	6.19691	0.0239702	-0.0216388	0.0161474	11.8954	155.724	-172.256	-33.9982	162.221	-199.533
2	18.8354	4.53913	0.063423	0	0.0668597	32.7356	158.134	-185.303	46.691	160.127	-174.674
3	28.7249	6.10206	0.0354795	-0.0230091	0.0544414	32.7356	158.134	-185.303	41.6172	160.71	-210.927
4	15.7987	4.25093	0.0593888	-0.380999	0.0136447	-33.9982	162.221	-199.533	-45.6145	171.77	-195.434
5	11.5413	4.98314	0.0157138	0	0.0016902	-33.9982	162.221	-199.533	-38.9643	155.501	-207.465
6	10.8485	3.13991	0.0533973	0	0.034098	46.691	160.127	-174.674	53.3151	168.132	-176.122
7	14.0808	2.94069	0.0477162	0.0800747	0.0153685	46.691	160.127	-174.674	52.0612	148.376	-169.635
8	14.9543	2.64824	0.063663	-0.07959	0.0080969	46.691	160.127	-174.674	50.7785	161.572	-160.488
9	8.79798	4.93938	0.00259762	0	0.000108624	41.6172	160.71	-210.927	45.5057	155.155	-216.531
10	22.6402	3.25146	0.0453828	-0.0597285	0.0445604	41.6172	160.71	-210.927	54.3857	177.734	-215.042
11	12.2159	3.43302	0.057608	0.0154438	0.0368064	-45.6145	171.77	-195.434	-47.5228	172.837	-183.857
12	12.3598	3.3297	0.0287881	-0.00273933	0.0133624	-45.6145	171.77	-195.434	-54.0369	178.271	-201.398
13	22.7873	4.05201	0.0594026	-0.0657904	0.0431173	-38.9643	155.501	-207.465	-50.1757	153.285	-226.083
14	9.38245	3.44638	0.0504273	0	0.0277315	-38.9643	155.501	-207.465	-40.4912	146.987	-204.544
15	15.1616	2.8308	0.0875073	-0.0610834	0.0301366	53.3151	168.132	-176.122	57.9581	181.865	-173.581
16	14.2384	2.10071	0.0870173	-0.223068	0.00763371	53.3151	168.132	-176.122	67.2535	166.819	-174.206
17	11.3616	2.21239	0.0537628	-0.143087	0.0145614	52.0612	148.376	-169.635	51.3176	138.542	-164.33
18	7.47387	2.06966	0.0875379	0.0933857	0.0148477	52.0612	148.376	-169.635	58.6095	145.127	-168.739
19	10.432	1.88225	0.0992358	0.0621558	0.0253737	50.7785	161.572	-160.488	53.6684	167.998	-153.148
20	11.4649	1.87916	0.107688	0.367325	0.0195113	50.7785	161.572	-160.488	52.5186	157.012	-150.357
21	8.95597	2.70388	0.081406	0	0.0502838	45.5057	155.155	-216.531	47.2773	147.122	-214.286
22	7.89435	3.56948	0.0948826	0	0.0828562	45.5057	155.155	-216.531	47.2622	154.941	-223.604
23	18.6791	2.48695	0.0625048	-0.0335015	0.0231564	54.3857	177.734	-215.042	72.3794	180.791	-215.456
24	7.35849	2.82438	0.0454934	-0.152388	0.017075	-47.5228	172.837	-183.857	-51.5736	177.637	-180.267
25	12.7479	2.68002	0.0635017	0.202198	0.0124908	-47.5228	172.837	-183.857	-47.721	166.785	-172.818
26	7.00633	2.7159	0.0985794	0.00829248	0.0323872	-54.0369	178.271	-201.398	-59.534	182.007	-200.026
27	11.5955	2.26068	0.0585939	0.474005	0.015112	-54.0369	178.271	-201.398	-59.7415	182.462	-210.363
28	11.8029	3.1184	0.0913803	0.18186	0.0902295	-50.1757	153.285	-226.083	-49.1879	146.03	-234.058
29	14.9927	2.80756	0.0631058	0.0813996	0.0765496	-50.1757	153.285	-226.083	-62.5007	155.709	-232.097
30	14.2787	2.65844	0.0503892	0.210879	0.0111258	-50.1757	153.285	-226.083	-57.13	150.163	-237.97
31	7.43889	2.34746	0.0747315	0	0.0117818	-40.4912	146.987	-204.544	-38.0094	141.137	-208.241
32	7.77689	2.61279	0.0779233	0	0.0450115	-40.4912	146.987	-204.544	-44.0417	142.239	-200.046
33	3.7622	3.0163	0.0907046	0	0.0266569	57.9581	181.865	-173.581	58.2897	185.436	-174.337
34	12.951	1.55395	0.18015	0.0100261	0.0616109	57.9581	181.865	-173.581	68.0953	185.869	-168.101
35	6.58709	1.41681	0.113659	-0.0271444	0.0158011	67.2535	166.819	-174.206	72.8918	166.103	-177.328
36	6.85665	1.54811	0.137098	0.276706	0.0300256	51.3176	138.542	-164.33	48.9906	135.55	-158.858
37	10.4851	1.69681	0.108908	-0.0658098	0.0382556	51.3176	138.542	-164.33	54.2802	128.891	-164.052
38	11.9445	1.81099	0.0765145	-0.12376	0.0150451	58.6095	145.127	-168.739	66.9622	138.457	-163.819
39	12.4547	0.412948	5.48035	-51.0061	0.111861	58.6095	145.127	-168.739	61.8998	141.999	-178.979
40	13.4336	1.62032	0.158626	0.170594	0.0349758	53.6684	167.998	-153.148	63.027	173.744	-146.229
41	4.96625	1.31469	0.115737	0	0.0520202	53.6684	167.998	-153.148	52.4757	170.129	-149.108
42	9.51928	1.37717	0.18012	0.285653	0.021242	52.5186	157.012	-150.357	49.0661	153.097	-142.634
43	6.74582	2.1917	0.0795879	0	0.0211022	47.2773	147.122	-214.286	44.0476	141.38	-213.793
44	11.9975	2.35736	0.0731434	0.135964	0.0322049	47.2773	147.122	-214.286	55.7431	139.264	-215.58
45	7.17249	3.34478	0.11035	0	0.0707351	47.2622	154.941	-223.604	51.614	154.158	-228.636
46	14.169	2.09992	0.107916	0.00934974	0.0577963	47.2622	154.941	-223.604	41.6294	150.649	-234.974
47	11.9596	1.62845	0.0838993	0.0641823	0.0229339	72.3794	180.791	-215.456	80.2551	189.375	-214.469
48	7.23757	1.67088	0.132735	-0.193667	0.0195424	72.3794	180.791	-215.456	78.9101	178.109	-214.715
49	11.6576	2.43414	0.138845	-0.580726	0.0491655	-51.5736	177.637	-180.267	-53.4732	186.699	-174.123
50	13.6982	1.79056	0.149816	0.195798	0.0346131	-51.5736	177.637	-180.267	-61.4502	170.866	-174.619
51	11.1864	1.75375	0.117454	-0.101057	0.043351	-47.721	166.785	-172.818	-51.9855	158.814	-167.053
52	12.2265	2.02246	0.0764551	-0.0306927	0.0262546	-47.721	166.785	-172.818	-44.9955	164.399	-161.468
53	9.22273	1.94022	0.110507	0.163505	0.0198509	-59.534	182.007	-200.026	-66.6815	176.482	-199.616
54	8.02401	2.30633	0.0872254	-0.322469	0.0119469	-59.7415	182.462	-210.363	-64.1574	187.934	-214.027
55	9.34791	0.308709	3.15291	89.4387	0.104484	-59.7415	182.462	-210.363	-61.2996	175.825	-215.379
56	10.7516	2.81148	0.0452194	-0.509529	0.0108533	-49.1879	146.03	-234.058	-46.8559	143.018	-243.988
57	16.4311	1.8632	0.115393	-0.265968	0.0532916	-49.1879	146.03	-234.058	-55.7357	131.922	-235.254
58	9.75671	1.98941	0.124569	-0.379146	0.0352427	-62.5007	155.709	-232.097	-67.1913	160.952	-238.369
59	7.62849	2.53652	0.114252	-0.136413	0.0271673	-62.5007	155.709	-232.097	-69.3181	152.818	-232.662
60	8.81384	2.46252	0.109145	0.102361	0.0223437	-57.13	150.163	-237.97	-60.8152	150.029	-245.763
61	25.7067	0.855968	0.342832	6.51049	0.0291307	-57.13	150.163	-237.97	-72.7117	130.953	-241.457
62	4.41375	1.53761	0.0889241	0	0.0223382	-38.0094	141.137	-208.241	-34.5562	139.986	-210.563
63	15.9826	1.81803	0.105752	0.113212	0.0280486	-38.0094	141.137	-208.241	-38.0828	126.295	-212.869
64	8.84533	1.67939	0.0841983	0.202638	0.0120713	-44.0417	142.239	-200.046	-41.7843	136.872	-193.529
65	10.5701	2.03365	0.10831	-0.311509	0.0279445	-44.0417	142.239	-200.046	-51.0069	134.711	-199.307
66	5.58255	2.55295	0.107502	0.463585	0.040948	58.2897	185.436	-174.337	58.2216	190.326	-172.137
67	9.43202	1.45949	0.155205	-0.00507066	0.0519693	58.2897	185.436	-174.337	65.3172	189.12	-178.511
68	14.9257	1.37519	0.112114	0.498236	0.0137369	68.0953	185.869	-168.101	78.4331	196.078	-165.714
69	7.11221	0.417138	0.364068	-1.85638	0.0243071	68.0953	185.869	-168.101	70.6567	183.534	-162.084
70	19.327	1.26431	0.143513	-0.592522	0.022173	72.8918	166.103	-177.328	89.8389	158.149	-179.98
71	4.28218	1.2119	0.152138	-0.18896	0.0469632	72.8918	166.103	-177.328	74.5278	166.197	-181.076
72	5.12877	1.24633	0.180384	-0.289058	0.0409441	48.9906	135.55	-158.858	44.4484	134.242	-157.468
73	31.5617	0.635606	2.5862	293.651	0.0311207	48.9906	135.55	-158.858	51.2157	115.11	-136.182
74	20.5968	0.717036	1.23757	-56.7734	0.0344036	54.2802	128.891	-164.052	61.9803	113.393	-154.203
75	9.59118	1.24672	0.157411	-0.0293998	0.0506858	54.2802	128.891	-164.052	53.0596	119.885	-164.901
76	31.0308	1.12094	0.185809	0.153667	0.039523	66.9622	138.457	-163.819	87.2482	117.554	-170.35
77	13.5519	0.489975	4.65972	13.0157	0.116812	63.027	173.744	-146.229	71.1448	173.992	-137.213
78	25.9012	0.74215	0.322253	-0.161212	0.0545749	63.027	173.744	-146.229	70.3419	193.805	-134.093
79	9.96007	1.39553	0.181439	-0.346058	0.0365191	52.4757	170.129	-149.108	54.782	173.119	-140.272
80	7.44368	0.947446	0.354679	0.396972	0.0807895	52.4757	170.129	-149.108	50.6856	176.306	-146.645
81	7.5376	0.0937563	4.34815	-40.3451	0.0552615	49.0661	153.097	-142.634	45.0957	148.323	-139.103
82	13.0904	1.14343	0.225438	0.497013	0.0235258	49.0661	153.097	-142.634	47.4696	148.699	-130.731
83	4.44586	1.793	0.0621743	0	0.0119153	44.0476	141.38	-213.793	42.7652	140.028	-209.814
84	6.59293	1.7157	0.0901296	0.0116296	0.0133511	44.0476	141.38	-213.793	41.9819	136.935	-218.071
85	7.22827	1.38103	0.149196	0.0693164	0.0310796	55.7431	139.264	-215.58	62.1627	140.577	-213.088
86	6.47411	2.17189	0.0590942	0	0.0240232	55.7431	139.264	-215.58	57.7561	133.41	-216.868
87	16.7587	2.60886	0.0718107	-0.0600298	0.0320244	51.614	154.158	-228.636	64.5318	155.014	-238.438
88	10.8634	2.89268	0.0937685	-0.0256387	0.0638772	51.614	154.158	-228.636	54.6366	149.064	-236.953
89	4.93009	1.69029	0.0771263	0	0.0184155	41.6294	150.649	-234.974	37.601	151.527	-237.511
90	11.668	1.70184	0.107615	-0.0793246	0.0418022	41.6294	150.649	-234.974	42.2534	142.466	-242.595
91	8.28327	2.37271	0.186737	0.292985	0.112631	55.7906	186.375	-215.221	56.4013	193.571	-213.416
92	10.5455	1.83837	0.127866	1.18737	0.0872748	55.7906	186.375	-215.221	60.7994	193.795	-218.952
93	32.0615	0.888157	4.27718	-6.66721	0.0291154	80.2551	189.375	-214.469	102.659	207.789	-203.085
94	6.41302	1.27154	0.11594	0.552589	0.0280895	78.9101	178.109	-214.715	85.1235	178.554	-214.39
95	6.03756	0.214848	9.7544	28.6773	0.275546	78.9101	178.109	-214.715	80.8802	175.693	-211.154
96	11.2785	2.15233	0.0977514	0.00829342	0.0236994	-53.4732	186.699	-174.123	-53.1766	197.253	-170.975
97	13.037	1.55581	0.078719	-0.240264	0.0176945	-53.4732	186.699	-174.123	-58.7816	187.283	-162.479
98	6.31913	1.24289	0.121839	0.253172	0.0238666	-61.4502	170.866	-174.619	-65.9567	172.226	-170.627
99	27.4824	1.13654	0.209956	-0.127229	0.0393139	-61.4502	170.866	-174.619	-74.9278	148.634	-169.793
100	8.63774	1.49439	0.0735349	-0.525118	0.0114205	-51.9855	158.814	-167.053	-53.7296	153.733	-160.414
101	9.44267	1.11864	0.289248	-0.424335	0.163063	-51.9855	158.814	-167.053	-52.3589	150.719	-166.544
102	24.258	1.4276	0.293534	-0.280182	0.0537226	-44.9955	164.399	-161.468	-44.4853	169.981	-139.139
103	9.01885	1.62592	0.141171	0.153664	0.032943	-44.9955	164.399	-161.468	-40.3606	159.781	-155.686
104	5.80278	0.997409	0.208641	-0.28167	0.0640097	-66.6815	176.482	-199.616	-68.6739	172.005	-202.009
105	14.9455	1.78057	0.0979275	0.0185134	0.0372783	-64.1574	187.934	-214.027	-75.7918	196.223	-215.911
106	9.72681	1.57487	0.119004	0.195008	0.037008	-64.1574	187.934	-214.027	-68.0939	191.841	-221.592
107	13.2773	1.17561	0.134034	0.018805	0.0612886	-46.8559	143.018	-243.988	-36.7528	146.256	-250.618
108	12.1756	2.85594	0.0487406	-0.319611	0.0113588	-46.8559	143.018	-243.988	-47.4788	137.499	-254.669
109	34.9883	0.759267	0.939093	-6.69707	0.048172	-55.7357	131.922	-235.254	-62.3168	104.06	-252.42
110	10.4307	1.87929	0.102165	-0.284184	0.0209561	-67.1913	160.952	-238.369	-73.5012	165.345	-245.097
111	13.4931	1.58399	0.136399	-0.103911	0.0200778	-69.3181	152.818	-232.662	-81.6053	153.226	-237.543
112	6.99119	1.62111	0.120633	-0.346514	0.0354546	-69.3181	152.818	-232.662	-73.5124	149.211	-228.79
113	18.1902	1.77126	0.126483	0.0122493	0.0163633	-60.8152	150.029	-245.763	-61.7616	159.115	-261.154
114	10.1249	1.92463	0.108612	-2.78853	0.0364619	-60.8152	150.029	-245.763	-66.7134	145.577	-252.152
115	10.5541	0.615107	0.319785	1.50054	0.146744	-34.5562	139.986	-210.563	-29.3721	133.122	-207.289
116	16.6975	0.276302	2.16701	49.5152	0.0612697	-34.5562	139.986	-210.563	-29.9195	137.425	-225.378
117	8.71322	1.399	0.119265	-0.641929	0.0115195	-38.0828	126.295	-212.869	-39.6098	118.793	-216.817
118	15.3919	1.3674	0.133897	-0.392665	0.039089	-41.7843	136.872	-193.529	-41.7598	124.605	-185.225
119	6.76754	1.50892	0.12733	0.100224	0.0152927	-51.0069	134.711	-199.307	-57.2611	132.408	-199.413
120	9.3006	2.08124	0.128721	0.00530227	0.0547789	58.2216	190.326	-172.137	59.1221	198.654	-174.892
121	10.4337	1.89287	0.139076	0.00768214	0.0763129	58.2216	190.326	-172.137	56.4765	195.985	-164.462
122	6.04765	0.208326	4.40021	34.751	0.0344922	65.3172	189.12	-178.511	67.2254	188.544	-184.007
123	6.81486	0.223793	5.64469	-84.9583	0.0515001	78.4331	196.078	-165.714	80.4754	201.074	-162.126
124	19.8562	0.944202	0.217565	0.40705	0.026567	78.4331	196.078	-165.714	97.0502	201.237	-166.667
125	3.08523	0.173613	8.63637	16.0732	0.0406365	79.2982	165.273	-164.049	79.0159	165.364	-161.099
126	6.47154	1.2512	0.115404	-0.0070144	0.0152985	79.2982	165.273	-164.049	85.1515	164.503	-161.646
127	3.07708	0.746559	0.229871	0	0.0732886	89.8389	158.149	-179.98	91.5637	156.258	-181.272
128	2.95929	0.724288	0.20663	0	0.0499996	89.8389	158.149	-179.98	92.4853	159.033	-180.378
129	3.58297	0.0993629	9.78637	130.212	0.00231426	74.5278	166.197	-181.076	77.3325	168.403	-181.295
130	3.86856	0.71962	0.261734	0.335623	0.019476	74.5278	166.197	-181.076	75.5703	164.52	-184.316
131	9.97252	0.239725	0.330829	-0.399723	0.0162804	44.4484	134.242	-157.468	39.0005	129.035	-151.182
132	5.23631	0.307011	0.322498	-0.71058	0.0354024	44.4484	134.242	-157.468	41.1707	133.788	-161.292
133	6.66091	0.900367	0.155753	0.0573313	0.0286083	53.0596	119.885	-164.901	55.4483	113.922	-165.719
134	5.34541	0.28982	0.440954	3.51292	0.0531274	53.0596	119.885	-164.901	49.3635	116.428	-165.295
135	18.3625	0.997051	0.241915	0.434447	0.0370949	54.782	173.119	-140.272	57.2675	174.887	-122.831
136	13.7732	0.301461	2.14961	0.536477	0.0401127	54.782	173.119	-140.272	55.1674	183.181	-131.672
137	3.65532	1.38198	0.326717	0	0.239777	61.0139	152.847	-138.328	61.7493	152.409	-135.507
138	3.73509	1.29815	0.312867	0	0.20777	61.0139	152.847	-138.328	63.1332	150.673	-137.739
139	20.4475	0.333848	2.26684	-22.7548	0.0586917	47.4696	148.699	-130.731	42.2773	141.81	-113.451
140	16.5768	0.485059	0.432429	-2.05092	0.0502525	47.4696	148.699	-130.731	45.3744	135.555	-122.247
141	6.51941	1.52783	0.111082	0.205311	0.0272727	42.7652	140.028	-209.814	42.5918	134.611	-206.513
142	4.31588	1.21451	0.182609	-0.0991185	0.0374224	42.7652	140.028	-209.814	39.4171	142.262	-208.762
143	6.01786	0.537178	0.404568	0.126148	0.0921114	41.9819	136.935	-218.071	37.6295	136.606	-221.434
144	5.31711	0.622978	0.273539	-0.850882	0.0238644	62.1627	140.577	-213.088	64.389	137.332	-209.7
145	3.8169	0.657322	0.300006	2.1873	0.0538321	62.1627	140.577	-213.088	65.084	142.705	-213.32
146	8.63426	1.94035	0.0991666	0.0589775	0.0403748	57.7561	133.41	-216.868	58.7065	125.175	-217.265
147	6.82814	1.86358	0.127472	0.192637	0.024286	64.5318	155.014	-238.438	66.7548	159.198	-243.128
148	11.6325	1.85295	0.0890933	0.0654952	0.039954	64.5318	155.014	-238.438	74.7032	151.769	-241.774
149	16.4265	2.87773	0.0865765	-0.0827619	0.0432296	54.6366	149.064	-236.953	55.3687	140.72	-250.287
150	15.7519	2.40521	0.0842172	-0.135808	0.0601148	54.6366	149.064	-236.953	66.9851	142.441	-241.896
151	12.4227	0.810692	0.276922	0.108954	0.0952778	42.2534	142.466	-242.595	39.7324	140.14	-253.406
152	23.4915	1.22093	0.222098	-0.220271	0.0423121	42.2534	142.466	-242.595	43.3948	121.791	-251.493
153	8.6176	1.49637	0.0957731	0.344666	0.127746	56.4013	193.571	-213.416	53.0986	200.396	-214.366
154	15.8952	2.326	0.0625724	0.167336	0.0197712	56.4013	193.571	-213.416	62.7156	207.609	-210.961
155	3.62412	0.804166	0.0328071	0	0.00319215	60.7994	193.795	-218.952	61.7977	192.694	-222.245
156	10.5788	1.5398	0.0766576	-0.450747	0.0149525	60.7994	193.795	-218.952	64.9385	203.344	-219.519
157	11.0788	1.26532	0.127153	-0.498967	0.0485961	85.1235	178.554	-214.39	95.3649	176.548	-216.039
158	21.0231	0.611691	0.289095	-1.08453	0.0337103	85.1235	178.554	-214.39	104.475	179.689	-208.237
159	8.68092	1.44215	0.137552	0.292284	0.0334639	-53.1766	197.253	-170.975	-50.4052	201.553	-164.313
160	5.9447	1.89369	0.0942822	-0.0302682	0.0355833	-53.1766	197.253	-170.975	-55.5639	202.473	-170.986
161	19.8637	0.90949	0.236124	0.0194154	0.0409139	-58.7816	187.283	-162.479	-62.7474	186.907	-143.817
162	18.1152	0.9313	0.229797	-0.106683	0.0449813	-65.9567	172.226	-170.627	-80.0983	181.657	-167.22
163	16.749	0.785013	0.282393	-0.249997	0.0351255	-65.9567	172.226	-170.627	-76.2351	165.481	-160.108
164	7.88582	1.25115	0.149205	0.106681	0.0406571	-53.7296	153.733	-160.414	-57.9293	152.31	-154.269
165	37.2585	0.612095	5.0406	57.5259	0.02936	-53.7296	153.733	-160.414	-50.0047	132.216	-131.547
166	2.70661	0.0604632	8.22782	-133.595	0.0199489	-52.3589	150.719	-166.544	-54.2328	148.871	-166.206
167	1.78673	0.145424	0.247982	0	0.0344065	-52.3589	150.719	-166.544	-51.1093	149.585	-166.176
168	19.5768	1.00238	0.310497	-0.0372355	0.0501804	-44.4853	169.981	-139.139	-43.551	164.635	-121.306
169	4.80193	1.39575	0.125891	0.125457	0.0560473	-40.3606	159.781	-155.686	-36.4123	160.223	-153.475
170	26.7702	0.573855	9.67539	7.81188	0.0532774	-40.3606	159.781	-155.686	-34.1574	146.146	-135.154
171	2.86891	0.159451	18.6479	36.5104	0.0426919	-68.6739	172.005	-202.009	-68.4987	169.384	-201.189
172	4.24378	0.414947	0.341286	-0.94288	0.0209502	-68.6739	172.005	-202.009	-71.9369	171.575	-204.548
173	6.7501	2.08942	0.184994	0.253315	0.0856683	-63.9062	188.782	-200.276	-64.6605	194.834	-199.067
174	14.0465	1.65758	0.145947	0.289384	0.0556184	-63.9062	188.782	-200.276	-77.0539	190.7	-199.556
175	9.55859	1.43103	0.108203	-0.0442526	0.0209133	-75.7918	196.223	-215.911	-82.3087	202.259	-218.869
176	3.0287	0.987103	0.23513	0	0.0733716	-75.7918	196.223	-215.911	-77.9636	194.462	-216.292
177	4.93836	2.06004	0.138398	0.290546	0.0197233	-68.0939	191.841	-221.592	-71.3921	194.699	-223.691
178	6.24011	0.762439	0.131755	1.00025	0.0157137	-68.0939	191.841	-221.592	-64.6267	189.808	-226.238
179	5.91641	0.170678	2.7497	27.7837	0.0218643	-36.7528	146.256	-250.618	-33.1134	142.09	-252.327
180	10.594	0.675826	0.409376	-0.541538	0.0463747	-36.7528	146.256	-250.618	-32.4125	154.138	-255.26
181	14.0497	1.66491	0.121094	0.903301	0.0241751	-47.4788	137.499	-254.669	-41.743	135.341	-266.942
182	12.169	1.91228	0.0719043	-0.260334	0.0525795	-47.4788	137.499	-254.669	-53.8842	135.859	-264.153
183	8.91996	1.93727	0.124168	-0.121189	0.0574071	-47.4788	137.499	-254.669	-46.4711	129.369	-256.681
184	31.2285	1.0064	0.310083	0.533413	0.095949	-73.5012	165.345	-245.097	-88.4361	183.401	-261.309
185	58.608	0.861775	1.11412	14.4995	0.0471443	-73.5012	165.345	-245.097	-122.408	184.574	-264.357
186	7.0583	1.41769	0.195212	0.147982	0.0462468	-81.6053	153.226	-237.543	-88.0338	155.268	-237.669
187	8.22349	1.54798	0.124041	-0.378015	0.0289151	-73.5124	149.211	-228.79	-78.1848	142.795	-227.851
188	14.9987	1.26119	0.198538	0.115561	0.0332322	-61.7616	159.115	-261.154	-55.0827	170.633	-266.935
189	19.7596	0.539533	8.32538	-14.3008	0.0184737	-61.7616	159.115	-261.154	-73.4667	157.262	-276.515
190	20.7438	1.25751	0.141136	-0.35302	0.0304594	-66.7134	145.577	-252.152	-79.5658	131.142	-257.782
191	11.9275	1.75204	0.107945	-0.138328	0.0217965	-66.7134	145.577	-252.152	-74.1249	143.558	-260.941
192	16.2324	0.708383	4.03613	-5.11991	0.0335842	-39.6098	118.793	-216.817	-44.5588	104.116	-219.416
193	22.6309	0.500793	0.284097	0.810328	0.039877	-39.6098	118.793	-216.817	-35.6991	102.536	-230.748
194	8.07708	0.329958	2.59708	-50.5402	0.111384	-41.7598	124.605	-185.225	-37.4812	119.164	-183.01
195	5.18026	0.167411	0.567535	2.48781	0.134988	-57.2611	132.408	-199.413	-61.0827	132.443	-196.918
196	4.21031	1.12709	0.138888	0.2352	0.0344108	-57.2611	132.408	-199.413	-59.9391	129.917	-201.2
197	5.17951	1.07832	0.143627	-0.161562	0.063611	59.1221	198.654	-174.892	55.9195	200.588	-178.009
198	16.3292	1.78317	0.0982632	-0.14686	0.0207136	59.1221	198.654	-174.892	62.1011	214.369	-175.196
199	3.61751	0.166572	3.76767	-102.79	0.029706	56.4765	195.985	-164.462	54.0983	194.818	-162.155
200	12.4814	1.5186	0.0892583	0.0018937	0.0141392	56.4765	195.985	-164.462	55.8242	205.91	-157.213
201	5.61355	0.962011	0.108569	0.175656	0.0136791	85.1515	164.503	-161.646	90.148	166.869	-161.964
202	11.8065	0.401077	5.02732	1.40918	0.0128084	85.1515	164.503	-161.646	90.7626	156.646	-155.113
203	2.7526	0.902419	0.120117	0	0.0152462	91.5637	156.258	-181.272	92.5504	153.784	-181.777
204	3.37664	0.421415	0.46442	1.27575	0.104439	91.5637	156.258	-181.272	92.4853	159.033	-180.378
205	11.6624	0.562064	0.287013	-0.792205	0.0232631	92.4853	159.033	-180.378	103.575	161.395	-181.535
206	12.2265	0.92533	0.294561	-0.796157	0.0651127	74.9817	132.392	-151.953	79.3464	124.1	-145.323
207	2.42422	0.155829	6.67693	-20.588	0.0011923	74.9817	132.392	-151.953	77.2458	133.159	-152.339
208	4.26551	0.0497425	4.5303	56.7426	0.019752	57.2675	174.887	-122.831	60.4945	175.586	-120.263
209	10.6568	0.36444	0.586052	-0.410469	0.262425	57.2675	174.887	-122.831	56.6871	176.98	-114.674
210	3.15513	0.580833	0.118259	0	0.00212577	61.7493	152.409	-135.507	63.1332	150.673	-137.739
211	11.8509	0.600302	10.9008	-13.8246	0.0354666	63.1332	150.673	-137.739	67.3879	143.273	-130.115
212	10.365	0.82518	0.269467	-1.07772	0.107997	42.5918	134.611	-206.513	39.7184	131.654	-198.116
213	26.3333	0.404014	0.1578	0.00944036	0.0389437	42.5918	134.611	-206.513	41.0672	109.341	-205.259
214	11.3679	0.422079	0.455284	0.0891582	0.102046	39.4171	142.262	-208.762	32.3226	142.746	-201.289
215	6.39503	0.95094	0.151475	-0.931805	0.0210701	39.4171	142.262	-208.762	34.0035	144.296	-211.167
216	25.8813	1.24002	0.212631	0.341657	0.0424373	58.7065	125.175	-217.265	63.9771	104.171	-229.408
217	5.26454	1.53501	0.0999266	0	0.0152168	66.7548	159.198	-243.128	67.994	164.071	-241.862
218	2.55308	2.31238	0.166991	0	0.0401313	66.7548	159.198	-243.128	67.3161	159.695	-245.466
219	5.43928	1.08738	0.215537	-0.0262333	0.12082	74.7032	151.769	-241.774	78.3377	152.202	-238.587
220	5.48759	3.20426	0.0516392	0	0.01251	55.3687	140.72	-250.287	56.4658	140.097	-255.558
221	11.63	1.9346	0.177468	-0.00245196	0.0489997	66.9851	142.441	-241.896	72.193	132.657	-241.629
222	32.1306	1.60545	0.115609	-0.204279	0.0194517	66.9851	142.441	-241.896	91.1735	130.813	-258.421
223	3.22233	0.048905	2.52051	-137.598	0.013437	43.3948	121.791	-251.493	42.1158	119.226	-250.115
224	4.8702	0.128652	3.58342	-70.662	0.0281763	43.3948	121.791	-251.493	43.5435	117.956	-254.27
225	23.0365	1.09248	0.198905	0.757959	0.0465625	53.0986	200.396	-214.366	51.2937	221.529	-220.253
226	5.31953	0.908913	0.213224	-0.0657924	0.011781	53.0986	200.396	-214.366	53.4687	203.004	-209.816
227	10.3587	1.53023	0.139504	-1.5017	0.0513301	62.7156	207.609	-210.961	65.2589	216.468	-207.479
228	8.98843	1.29784	0.150697	-2.26826	0.0585174	64.9385	203.344	-219.519	65.8755	211.178	-222.66
229	16.6192	0.407477	2.59361	28.9397	0.0349659	95.3649	176.548	-216.039	109.633	181.86	-221.144
230	7.27634	0.421782	14.353	1.95952	0.0758299	95.3649	176.548	-216.039	101.528	173.893	-215.196
231	45.1315	0.916361	0.285249	-0.089318	0.137648	-50.4052	201.553	-164.313	-30.3556	228.619	-143.355
232	6.97317	0.993646	0.247929	0.388857	0.0359059	-50.4052	201.553	-164.313	-44.4694	204.706	-163.945
233	21.0881	0.813847	0.227767	-0.980851	0.0388674	-55.5639	202.473	-170.986	-71.8449	213.131	-165.206
234	16.2662	1.54904	0.174137	0.137636	0.0354742	-55.5639	202.473	-170.986	-54.0636	217.894	-168.395
235	15.0215	0.611029	6.86169	0.1938	0.0315245	-57.9293	152.31	-154.269	-66.751	143.733	-146.479
236	18.1295	0.502724	0.310763	0.899468	0.0384084	-57.9293	152.31	-154.269	-63.84	154.232	-137.954
237	3.383	0.285613	4.25194	94.1672	0.0282113	-43.551	164.635	-121.306	-44.6868	165.215	-118.273
238	2.35985	0.265862	1.23361	-0.083765	0.0422629	-43.551	164.635	-121.306	-42.1721	163.237	-120.178
239	4.50838	0.900772	0.276686	0.543905	0.0456113	-36.4123	160.223	-153.475	-33.989	156.659	-153.359
240	7.00029	0.601215	0.327526	0.611	0.0560339	-36.4123	160.223	-153.475	-35.2461	165.093	-149.131
241	7.93849	0.96989	0.191712	0.232539	0.0677958	-76.5877	171.747	-196.131	-82.1269	169.536	-191.692
242	7.07962	1.94707	0.0899265	-0.0392998	0.00787774	-64.6605	194.834	-199.067	-68.8773	200.437	-198.66
243	6.46662	0.704941	0.307243	0.776543	0.0472178	-64.6605	194.834	-199.067	-59.3669	197.909	-198.258
244	18.3183	0.892972	0.212809	0.20489	0.0314395	-77.0539	190.7	-199.556	-87.8465	197.439	-187.165
245	12.2516	1.07309	0.222707	-0.0716877	0.0193387	-77.0539	190.7	-199.556	-87.9947	190.717	-204.532
246	4.15619	0.0609239	4.65317	-102.161	0.0344133	-82.3087	202.259	-218.869	-84.3917	205.237	-217.155
247	12.3317	1.1724	0.123106	0.227339	0.018063	-82.3087	202.259	-218.869	-90.2234	209.664	-224.278
248	14.5772	0.4002	0.40321	-0.037515	0.0574884	-77.9636	194.462	-216.292	-90.6451	195.329	-221.626
249	1.77965	0.0189649	143.6	22.2271	0.0170438	-77.9636	194.462	-216.292	-77.037	192.978	-216.266
250	6.65915	1.84193	0.153793	-0.0647593	0.0695555	-71.3921	194.699	-223.691	-73.4232	199.957	-226.335
251	4.45141	0.819231	0.385472	0	0.375097	-71.3921	194.699	-223.691	-74.0435	193.842	-225.339
252	7.12713	1.53418	0.088195	-0.0265949	0.0207153	-41.743	135.341	-266.942	-41.062	135.121	-273.888
253	6.30359	1.56452	0.103504	-0.0235656	0.0310689	-53.8842	135.859	-264.153	-54.5888	136.17	-270.218
254	29.0512	0.744468	1.09616	124.071	0.0330025	-53.8842	135.859	-264.153	-63.7286	115.173	-280.465
255	12.9524	nan	2.55008	31.31	0.0397198	-46.4711	129.369	-256.681	-39.4266	119.194	-255.257
256	13.7025	1.59919	0.143988	2.77035	0.0294285	-46.4711	129.369	-256.681	-46.7313	118.598	-264.498
257	4.84553	0.138419	3.20738	63.0288	0.0611022	-66.1924	166.28	-237.905	-62.4829	167.977	-239.957
258	2.19791	0.135534	17.6551	-43.1369	0.0220708	-66.1924	166.28	-237.905	-67.8778	167.398	-237.174
259	5.36739	0.142785	4.7186	22.6345	0.105715	-88.0338	155.268	-237.669	-90.2957	158.746	-235.149
260	26.5835	0.586561	1.34471	24.9297	0.0973052	-88.0338	155.268	-237.669	-110.617	161.192	-244.136
261	9.60369	1.00432	0.10369	11.3161	0.043976	-78.1848	142.795	-227.851	-86.6628	139.35	-228.789
262	20.073	0.601256	3.73292	-10.0479	0.0593403	-78.1848	142.795	-227.851	-86.8019	129.686	-217.224
263	9.15724	0.4047	12.4194	-47.8548	0.0965721	-79.5658	131.142	-257.782	-82.2068	123.637	-260.319
264	7.77001	0.204336	7.83042	-8.23165	0.0444303	-79.5658	131.142	-257.782	-85.8607	128.179	-260.417
265	20.2806	1.45754	0.170379	-0.340235	0.0335788	-74.1249	143.558	-260.941	-83.7214	134.912	-275.712
266	13.9096	0.442914	2.36391	-16.083	0.0300809	-55.8087	116.93	-197.213	-62.5944	107.647	-190.133
267	2.19197	0.111263	5.2774	-224.325	0.00398059	-59.9391	129.917	-201.2	-60.4566	130.784	-203.136
268	22.0208	0.212322	3.63911	20.963	0.049498	-59.9391	129.917	-201.2	-75.5031	115.846	-201.088
269	2.40412	0.168651	6.31819	-370.629	0.00444768	55.9195	200.588	-178.009	54.7172	202.462	-177.131
270	3.07654	0.591806	0.223731	-0.074225	0.00633151	55.9195	200.588	-178.009	54.9815	201.263	-180.84
271	9.71139	1.24306	0.183693	-0.0520496	0.0269649	62.1011	214.369	-175.196	63.6106	223.669	-174.386
272	15.7791	1.11352	0.216026	-0.425127	0.047704	55.8242	205.91	-157.213	59.5552	220.07	-153.69
273	7.10204	0.457235	14.5373	23.6953	0.113496	90.148	166.869	-161.964	95.7035	169.386	-160.097
274	1.56763	0.145448	42.7872	79.513	0.0202328	90.148	166.869	-161.964	90.5239	167.384	-163.362
275	5.93436	0.426256	13.7221	2.18739	0.0700122	34.0035	144.296	-211.167	30.4514	148.399	-212.309
276	4.74788	0.113214	3.45189	123.507	0.0494737	34.0035	144.296	-211.167	30.7266	141.418	-212.37
277	1.86545	0.217848	0.427665	0	0.0707374	63.9771	104.171	-229.408	65.4227	103.199	-229.374
278	2.50365	0.125269	2.25605	58.3162	0.092354	63.9771	104.171	-229.408	63.5603	102.127	-230.358
279	4.09517	0.177452	19.4947	18.3055	0.0283522	67.994	164.071	-241.862	65.164	165.185	-239.291
280	14.6856	0.51021	3.67406	-23.4648	0.0325424	67.994	164.071	-241.862	76.4357	175.506	-241.339
281	8.70234	1.70855	0.188395	-0.229244	0.0477693	67.3161	159.695	-245.466	62.3711	165.658	-248.461
282	10.2183	1.86802	0.139289	0.43137	0.022339	67.3161	159.695	-245.466	76.2696	158.866	-249.83
283	3.49864	0.533198	0.426068	-0.915568	0.0777037	78.3377	152.202	-238.587	81.2266	153.612	-238.133
284	6.04559	0.27324	91.7766	-1.24062	0.0971148	78.3377	152.202	-238.587	81.813	148.711	-236.118
285	18.4283	2.13425	0.109892	0.0977071	0.0861678	56.4658	140.097	-255.558	50.0719	136.324	-270.813
286	15.7141	2.28394	0.101458	-0.0834475	0.058325	56.4658	140.097	-255.558	65.7635	132.97	-264.68
287	18.7044	1.02081	0.263415	-0.753364	0.0502584	91.1735	130.813	-258.421	102.993	119.421	-265.326
288	21.1029	0.785311	0.318664	-0.785168	0.0462128	91.1735	130.813	-258.421	106.617	128.305	-271.151
289	6.10574	0.538058	0.28592	-1.01164	0.00871254	53.4687	203.004	-209.816	54.9386	208.484	-207.707
290	2.30936	0.089169	7.27793	-24.4846	0.00211218	53.4687	203.004	-209.816	52.8619	201.761	-207.973
291	9.3966	1.40534	0.127883	-0.00678505	0.0257006	65.2589	216.468	-207.479	63.5843	225.474	-207.328
292	23.3068	0.638472	0.373959	-0.697554	0.0454297	65.2589	216.468	-207.479	78.4629	231.796	-198.113
293	23.1092	0.675746	6.45011	-0.380681	0.0399025	65.8755	211.178	-222.66	67.8533	233.252	-224.289
294	2.49961	0.171781	2.32529	25.7648	0.0115619	65.8755	211.178	-222.66	65.4811	211.39	-225.09
295	16.9621	0.369539	17.2599	-4.64391	0.0319295	96.3008	201.91	-217.604	110.919	207.723	-222.369
296	13.5121	0.451288	0.184148	-0.129434	0.0156455	96.3008	201.91	-217.604	104.126	212.664	-217.257
297	2.71477	0.456646	0.245168	-0.0954377	0.0145305	-44.4694	204.706	-163.945	-42.1921	204.19	-165.252
298	2.13117	0.25727	1.07295	0.971292	0.0242701	-44.4694	204.706	-163.945	-44.2489	206.566	-163.04
299	6.26666	0.210089	6.27759	-31.3418	0.0884758	-54.0636	217.894	-168.395	-57.5644	222.294	-167.155
300	8.55505	0.108831	3.31362	-49.9198	0.0660712	-82.1269	169.536	-191.692	-88.8151	169.874	-187.27
301	4.84629	0.106277	3.28234	248.808	0.0520211	-82.1269	169.536	-191.692	-85.4152	166.513	-190.566
302	8.11148	1.51808	0.113714	-0.0793745	0.0219068	-68.8773	200.437	-198.66	-70.0881	207.874	-196.165
303	3.16366	0.0819463	2.909	16.3946	0.0192919	-87.9947	190.717	-204.532	-90.6633	192.269	-204.211
304	5.37172	0.36749	0.410022	-0.18311	0.0298353	-87.9947	190.717	-204.532	-91.9336	188.933	-207.449
305	8.00986	0.425052	0.441976	1.78787	0.108389	-90.2234	209.664	-224.278	-96.4566	211.706	-227.311
306	10.7042	0.378512	9.36912	15.3441	0.0311297	-90.2234	209.664	-224.278	-94.9291	218.869	-225.22
307	44.523	1.12703	0.164476	-0.00892306	0.0212733	-73.4232	199.957	-226.335	-102.792	230.073	-237.783
308	29.547	0.970416	0.272581	0.332935	0.0489095	-73.4232	199.957	-226.335	-87.541	219.211	-241.285
309	9.65537	1.60522	0.128264	0.0704838	0.0586773	-54.5888	136.17	-270.218	-52.1033	138.259	-278.741
310	13.6991	0.378066	4.5369	319.521	0.0844234	-46.7313	118.598	-264.498	-45.3401	106.181	-266.358
311	23.748	1.21008	0.175618	0.337523	0.0213158	-46.7313	118.598	-264.498	-47.5103	104.838	-283.225
312	2.36577	0.0835186	8.37132	-3.06863	0.00235364	-86.6628	139.35	-228.789	-87.3179	137.116	-228.4
313	3.49773	0.0229656	9.09489	97.2629	0.00934412	-86.6628	139.35	-228.789	-90.0842	139.483	-229.323
314	2.21799	0.0525635	12.2926	540.58	0.118268	-76.3308	149.939	-224.356	-75.824	149.303	-222.547
315	2.91366	0.0502987	4.09914	123.765	0.0138034	-76.3308	149.939	-224.356	-79.1504	150.471	-224.192
316	24.8396	0.983526	0.22835	-0.2243	0.0454186	-83.7214	134.912	-275.712	-97.2967	129.171	-294.348
317	19.1545	0.78755	0.324061	0.102542	0.0663556	-83.7214	134.912	-275.712	-89.9513	121.686	-286.149
318	1.93812	0.0550027	7.89347	79.701	0.0135689	54.9815	201.263	-180.84	53.8346	200.367	-182.08
319	1.45873	0.222375	0.292808	0	0.0323952	54.9815	201.263	-180.84	55.8181	202.281	-181.35
320	16.0257	0.651221	11.1902	0.332857	0.0307456	63.6106	223.669	-174.386	60.6717	238.815	-176.306
321	13.2147	0.632733	10.9275	-4.01978	0.0755892	61.6392	110.86	-212.572	60.3676	99.0804	-209.322
322	5.78181	0.552537	0.463086	-0.0168476	0.10397	61.6392	110.86	-212.572	65.4211	108.258	-210.051
323	4.72475	0.374056	0.24727	-0.216387	0.0880416	78.2753	116.03	-216.552	80.6903	112.688	-215.189
324	2.22151	0.12718	4.59352	988.16	0.0169467	78.2753	116.03	-216.552	79.9307	114.867	-217.376
325	16.7592	0.969289	0.361028	-0.0694793	0.178516	62.3711	165.658	-248.461	59.8484	179.547	-250.177
326	13.4327	0.560785	0.648487	0.328508	0.0723788	62.3711	165.658	-248.461	55	168.028	-258.307
327	14.0627	0.052606	92.8462	-210.631	0.0538168	76.2696	158.866	-249.83	80.5437	153.837	-261.428
328	7.94976	0.548114	0.217501	-5.01507	0.0392493	91.8632	148.656	-246.917	98.7206	146.001	-244.811
329	9.54158	1.54206	0.0992585	0.143502	0.0138244	50.0719	136.324	-270.813	46.2933	143.499	-275.59
330	6.67663	1.95232	0.0793145	-0.15174	0.00768361	50.0719	136.324	-270.813	50.5428	132.625	-276.29
331	14.5983	1.57507	0.128825	0.14182	0.0381298	65.7635	132.97	-264.68	74.3863	129.751	-275.312
332	18.9097	1.55015	0.124922	-0.54827	0.0327119	65.7635	132.97	-264.68	71.2801	118.373	-274.259
333	4.47822	0.0781928	2.20589	-5.13533	0.209402	63.5843	225.474	-207.328	61.8372	227.878	-205.119
334	21.3767	0.728006	3.03642	5.35762	0.0567166	63.5843	225.474	-207.328	56.8592	244.553	-207.337
335	36.2036	1.05767	0.232196	0.245649	0.0797484	-70.0881	207.874	-196.165	-78.7623	239.748	-190.415
336	7.76955	0.461047	17.2578	1.93639	0.0706115	-70.0881	207.874	-196.165	-68.2459	214.57	-194.059
337	10.2159	0.484007	0.246716	0.289706	0.0527018	-52.1033	138.259	-278.741	-50.9106	147.876	-279.256
338	4.43035	0.343635	0.361661	0.0169492	0.0700564	-55.1484	111.404	-197.784	-53.9045	107.489	-197.275
339	3.80912	0.229131	0.18343	0.291428	0.041682	-55.1484	111.404	-197.784	-56.7877	108.171	-198.266
340	7.85011	0.392978	0.334203	-0.00925463	0.0658375	49.1977	216.193	-148.817	44.3601	219.286	-144.204
341	1.57635	0.108729	22.8517	-4.99447	0.0367815	80.6903	112.688	-215.189	81.4485	111.952	-214.096
342	1.06262	0.0839202	30.0816	-3.27623	0.010495	80.6903	112.688	-215.189	80.8582	112.17	-216.089
343	15.5747	1.61302	0.121109	-0.639336	0.0196363	50.5428	132.625	-276.29	54.0289	127.055	-290.079
344	4.7992	1.20183	0.134719	0	0.0712465	50.5428	132.625	-276.29	49.031	128.605	-277.564
345	34.7887	1.37964	0.181387	-0.137774	0.0571066	74.3863	129.751	-275.312	95.7293	118.007	-297.438
346	17.6653	0.629615	1.4716	-61.0931	0.053803	70.3701	236.369	-213.515	79.394	250.49	-213.106
347	2.65904	0.0928519	2.38675	69.7456	0.0274789	-80.8031	210.978	-203	-83.1442	210.225	-202.193
348	21.9852	0.417779	2.49213	13.6348	0.0385669	-80.8031	210.978	-203	-91.2027	228.664	-208.211
349	1.99551	0.315501	0.212685	0	0.00391369	-34.7399	142.607	-289.934	-34.6168	144.574	-290.188
350	3.48422	0.0687936	2.63259	-106.853	0.00350724	-34.7399	142.607	-289.934	-34.4475	142.064	-293.351
351	24.718	0.60055	1.99296	54.6849	0.0424094	54.0289	127.055	-290.079	49.9243	122.58	-313.001
352	44.2529	1.18582	0.243209	0.272879	0.0418049	54.0289	127.055	-290.079	63.2799	108.653	-327.229
353	3.12065	1.60878	0.100723	0	0.00771065	49.031	128.605	-277.564	48.5889	126.742	-279.998
354	2.92082	0.140666	25.433	11.2448	0.00254039	49.031	128.605	-277.564	50.334	128.29	-274.977
355	3.12899	0.0965735	10.8605	24.4124	0.011294	37.6379	145.944	-287.414	36.828	146.218	-290.388
356	1.54847	0.403151	0.082196	0	0.00425336	37.6379	145.944	-287.414	36.1364	145.628	-287.262
357	1.06021	0.0387899	9.91877	83.477	0.000383556	63.2799	108.653	-327.229	63.4218	108.15	-328.151
358	1.02317	0.0471475	23.5042	8.03818	0.0299917	63.2799	108.653	-327.229	62.871	108.675	-328.134
359	5.71164	0.186891	1.86899	90.0675	0.231001	48.5889	126.742	-279.998	47.0672	126.184	-284.345
360	8.64566	0.810893	0.22117	0.549023	0.0441502	48.5889	126.742	-279.998	48.7896	118.674	-281.848
361	20.6561	0.923457	0.331877	-0.0300735	0.0357011	71.5514	114.465	-280.344	76.6388	103.656	-296.314
362	3.4744	0.0774776	4.56084	40.7629	0.0658272	71.5514	114.465	-280.344	68.6765	112.929	-280.302
363	2.62258	0.468208	0.0685711	0	0.00391159	76.0905	128.01	-287.734	76.6458	130.496	-288.316
364	7.68704	0.505413	0.22149	-1.8846	0.06634	76.0905	128.01	-287.734	77.3849	124.616	-293.96
365	127.993	6.64468	0.239578	-0.00991218	0.0846228	11.8954	155.724	-172.256	5.99603	178.989	-56.7153
366	9.01469	2.75121	0.0697367	-0.426429	0.0295037	54.3857	177.734	-215.042	55.7906	186.375	-215.221
367	16.182	1.54147	0.163549	0.355939	0.0221508	67.2535	166.819	-174.206	79.2982	165.273	-164.049
368	15.8491	1.51056	0.170144	-0.597299	0.0356396	52.5186	157.012	-150.357	61.0139	152.847	-138.328
369	8.58472	2.52207	0.122788	-0.547079	0.0641591	-59.534	182.007	-200.026	-63.9062	188.782	-200.276
370	16.0588	1.06382	0.182218	-0.531782	0.0325279	66.9622	138.457	-163.819	74.9817	132.392	-151.953
371	11.758	1.4459	0.128505	-0.246077	0.020699	-66.6815	176.482	-199.616	-76.5877	171.747	-196.131
372	26.5826	0.73809	2.07972	-16.4988	0.0511195	-55.7357	131.922	-235.254	-67.1698	109.388	-234.221
373	5.5558	1.18508	0.209171	-1.16041	0.0212042	-67.1913	160.952	-238.369	-66.1924	166.28	-237.905
374	12.5691	1.02536	0.226723	0.255574	0.0625597	-38.0828	126.295	-212.869	-33.4394	115.63	-210.721
375	13.911	0.928675	0.33111	0.852042	0.123316	-41.7843	136.872	-193.529	-34.5445	127.356	-190.306
376	19.028	1.41543	0.114323	0.143555	0.026501	-51.0069	134.711	-199.307	-55.8087	116.93	-197.213
377	23.7718	0.539714	0.401164	-14.4388	0.0253634	65.3172	189.12	-178.511	79.974	207.036	-177.212
378	29.729	0.994687	4.10394	0.40432	0.0428726	41.9819	136.935	-218.071	39.809	110.918	-229.519
379	13.4488	0.460571	2.97063	-48.6513	0.147643	37.601	151.527	-237.511	27.3078	146.691	-240.338
380	18.222	1.02732	0.240719	-0.241572	0.0510684	-58.7816	187.283	-162.479	-67.7815	195.376	-150.067
381	24.6886	0.519311	1.79029	-2.3758	0.0520534	-44.4853	169.981	-139.139	-35.3926	184.477	-123.08
382	17.4795	0.511782	0.537236	1.2116	0.0412985	-81.6053	153.226	-237.543	-93.3871	143.38	-244.327
383	5.57193	1.10584	0.12632	0.230809	0.0504317	-73.5124	149.211	-228.79	-76.3308	149.939	-224.356
384	21.7057	0.58337	1.56195	142.312	0.0447375	-41.7598	124.605	-185.225	-43.0241	109.402	-171.121
385	23.3897	0.892242	0.267125	-0.633841	0.0578561	61.7493	152.409	-135.507	66.7452	145.41	-115.137
386	15.6048	1.45519	0.1274	0.847526	0.0167713	58.7065	125.175	-217.265	61.6392	110.86	-212.572
387	18.5921	1.65405	0.11404	-0.0729531	0.0225175	74.7032	151.769	-241.774	91.8632	148.656	-246.917
388	41.9039	1.20149	0.215277	0.469698	0.0457191	55.3687	140.72	-250.287	58.072	103.193	-264.076
389	43.3032	0.661673	1.77815	25.2453	0.0237454	64.9385	203.344	-219.519	94.3296	233.646	-222.196
390	21.4159	1.29438	0.213167	0.144532	0.0395427	96.3008	201.91	-217.604	80.2551	189.375	-214.469
391	16.1096	0.612461	4.5604	-0.667717	0.0204959	-76.5877	171.747	-196.131	-90.617	164.608	-197.321
392	13.249	0.995158	0.22096	-0.503953	0.0737626	-41.743	135.341	-266.942	-34.282	127.554	-272.938
393	41.7064	0.916773	0.511158	-1.30788	0.0241868	-74.1249	143.558	-260.941	-109.326	144.159	-281.405
394	5.85481	0.972987	0.20994	0.441047	0.0466369	-55.8087	116.93	-197.213	-55.1484	111.404	-197.784
395	9.04141	0.601179	0.236583	-0.00930914	0.0835732	62.1011	214.369	-175.196	58.9255	221.823	-177.19
396	15.3223	0.961354	0.198734	0.297605	0.0326816	55.8242	205.91	-157.213	49.1977	216.193	-148.817
397	28.052	1.36213	0.160883	0.240601	0.0431062	78.2753	116.03	-216.552	57.7561	133.41	-216.868
398	24.6859	1.09487	1.6946	-18.1205	0.0313999	72.193	132.657	-241.629	92.3117	119.886	-239.393
399	23.6743	0.66335	2.35451	49.9095	0.0310776	27.1452	158.238	-256.82	37.601	151.527	-237.511
400	24.3592	0.785699	3.25057	-2.58234	0.0200884	-54.0636	217.894	-168.395	-44.1698	239.595	-167.202
401	16.8393	1.2546	0.135496	-0.577389	0.0207296	-68.8773	200.437	-198.66	-80.8031	210.978	-203
402	40.7417	0.164419	70.8197	-17.6243	0.0222597	-41.062	135.121	-273.888	-39.8849	117.691	-309.709
403	19.6291	1.21087	0.213817	2.52873	0.0440679	-41.062	135.121	-273.888	-34.7399	142.607	-289.934
404	54.0884	0.635353	28.435	77.1421	0.0244856	-54.5888	136.17	-270.218	-73.8084	110.174	-311.958
405	14.0738	0.265615	0.246704	-0.702112	0.0344625	63.6106	223.669	-174.386	71.5369	234.724	-174.181
406	36.397	0.479767	4.19487	117.878	0.0120078	76.2696	158.866	-249.83	110.428	169.848	-252.298
407	40.2008	0.996507	0.276655	-0.360639	0.0540061	91.8632	148.656	-246.917	124.019	149.003	-267.426
408	30.3941	1.55502	0.0872067	-0.118077	0.0175277	70.3701	236.369	-213.515	62.7156	207.609	-210.961
409	24.7186	0.292382	5.54166	-51.0615	0.0285142	-52.1033	138.259	-278.741	-52.0657	130.395	-301.451
410	6.12126	0.719614	0.251922	0.96486	0.0428858	49.1977	216.193	-148.817	46.8065	221.54	-149.187
411	15.3174	1.12405	0.27051	-0.316824	0.0310715	46.2933	143.499	-275.59	37.6379	145.944	-287.414
412	17.5331	1.02752	0.215292	-1.1534	0.0682927	71.2801	118.373	-274.259	79.1041	104.271	-277.31
413	7.57746	1.30794	0.246083	-0.553798	0.0471501	71.2801	118.373	-274.259	71.5514	114.465	-280.344
414	32.7814	1.07324	0.223854	0.367501	0.03542	80.5716	104.076	-252.366	72.193	132.657	-241.629
415	12.4049	0.75438	7.63113	-2.72716	0.190435	46.4412	149.392	-284.183	46.2933	143.499	-275.59
416	13.344	1.19673	0.184209	0.491695	0.0541471	76.0905	128.01	-287.734	74.3863	129.751	-275.312
417	23.6933	1.16496	0.180381	0.460242	0.0399591	62.0434	257.569	-212.99	70.3701	236.369	-213.515
